Workbook

Sheet raw
A1: device_id | B1: proj_id | C1: bay_id | D1: batch_id | E1: hzdrawing_page | F1: transportation_cell_symbol
A2: 8DN9-2 | B2: 706271 | C2: D01 | D2: 31302675 | E2: HZ-478-M706271-B06 | F2: Q0+W80+Q1+T1+Q52+T2
A3: 8DN9-2 | B3: 706271 | C3: D01 | D3: 31302675 | E3: HZ-478-M706271-B06 | F3: Q2+Q51+W90
A4: 8DN9-2 | B4: 706271 | C4: D01 | D4: 31302675 | E4: HZ-478-M706271-B06 | F4: Q8+Q9+W1
A5: 8DN9-2 | B5: 706271 | C5: D01 | D5: 31302675 | E5: HZ-478-M706271-B07 | F5: Q53+Q91+W4
A6: 8DN9-2 | B6: 706271 | C6: D02 | D6: 31302676 | E6: HZ-478-M706271-B12 | F6: Q0+W80+Q1+T1+Q52+T2
A7: 8DN9-2 | B7: 706271 | C7: D02 | D7: 31302676 | E7: HZ-478-M706271-B12 | F7: Q2+Q51+W90
A8: 8DN9-2 | B8: 706271 | C8: D02 | D8: 31302676 | E8: HZ-478-M706271-B12 | F8: Q8+Q9+W1
A9: 8DN9-2 | B9: 706271 | C9: D03 | D9: 31302677 | E9: HZ-478-M706271-B17 | F9: Q0+W80+Q1+T1+Q52+T2
A10: 8DN9-2 | B10: 706271 | C10: D03 | D10: 31302677 | E10: HZ-478-M706271-B17 | F10: Q2+Q51+W90
A11: 8DN9-2 | B11: 706271 | C11: D03 | D11: 31302677 | E11: HZ-478-M706271-B17 | F11: Q8+Q9+W1
A12: 8DN9-2 | B12: 706271 | C12: D03 | D12: 31302677 | E12: HZ-478-M706271-B18 | F12: Q53+Q91+W4
A13: 8DN9-2 | B13: 706271 | C13: D04 | D13: 31302678 | E13: HZ-478-M706271-B22 | F13: Q0+W80+Q1+T1+Q52+T2
... A29: 8DN9-2 | B29: 706271 | C29: D05 | D29: 31302679 | E29: HZ-478-M706271-B29 | F29: W94

Sheet Sheet1
A1: device_id | B1: proj_id | C1: bay_id | D1: batch_id | E1: hzdrawing_page | F1: transportation_cell_symbol
B2: 706360 | C2: C01.3-G11 | F2: Q9+Q8
B3: 706360 | C3: C02.3-G107 | F3: Q2+Q51
B4: 706360 | C4: C02.3-G107 | F4: Q6+Q52+Q53 | H4: 17
B5: 706360 | C5: C01.1-G30 | F5: Q1+Q51 | H5: 15
B6: 706360 | C6: C02.3-G107 | F6: Q9+Q8 | H6: 15
C7: C02.2-G33 | F7: Q62+Q52 | H7: 14
C8: C01.3-G11 | F8: Q6+Q52+Q53 | H8: 19
C9: C01.2-G53 | F9: Q62+Q52 | H9: 15

Sheet textdump2json
A1: =raw!A2&"#"&raw!B2&"#"&raw!C2&"#"&raw!D2&"#"&raw!E2&"#"&raw!F2 -> 8DN9-2#706271#D01#31302675#HZ-478-M706271-B06#Q0+W80+Q1+T1+Q52+T2
A2: =raw!A3&"#"&raw!B3&"#"&raw!C3&"#"&raw!D3&"#"&raw!E3&"#"&raw!F3 -> 8DN9-2#706271#D01#31302675#HZ-478-M706271-B06#Q2+Q51+W90
A3: =raw!A4&"#"&raw!B4&"#"&raw!C4&"#"&raw!D4&"#"&raw!E4&"#"&raw!F4 -> 8DN9-2#706271#D01#31302675#HZ-478-M706271-B06#Q8+Q9+W1
A4: =raw!A5&"#"&raw!B5&"#"&raw!C5&"#"&raw!D5&"#"&raw!E5&"#"&raw!F5 -> 8DN9-2#706271#D01#31302675#HZ-478-M706271-B07#Q53+Q91+W4
A5: =raw!A6&"#"&raw!B6&"#"&raw!C6&"#"&raw!D6&"#"&raw!E6&"#"&raw!F6 -> 8DN9-2#706271#D02#31302676#HZ-478-M706271-B12#Q0+W80+Q1+T1+Q52+T2
A6: =raw!A7&"#"&raw!B7&"#"&raw!C7&"#"&raw!D7&"#"&raw!E7&"#"&raw!F7 -> 8DN9-2#706271#D02#31302676#HZ-478-M706271-B12#Q2+Q51+W90
A7: =raw!A8&"#"&raw!B8&"#"&raw!C8&"#"&raw!D8&"#"&raw!E8&"#"&raw!F8 -> 8DN9-2#706271#D02#31302676#HZ-478-M706271-B12#Q8+Q9+W1
A8: =raw!A9&"#"&raw!B9&"#"&raw!C9&"#"&raw!D9&"#"&raw!E9&"#"&raw!F9 -> 8DN9-2#706271#D03#31302677#HZ-478-M706271-B17#Q0+W80+Q1+T1+Q52+T2
A9: =raw!A10&"#"&raw!B10&"#"&raw!C10&"#"&raw!D10&"#"&raw!E10&"#"&raw!F10 -> 8DN9-2#706271#D03#31302677#HZ-478-M706271-B17#Q2+Q51+W90
A10: =raw!A11&"#"&raw!B11&"#"&raw!C11&"#"&raw!D11&"#"&raw!E11&"#"&raw!F11 -> 8DN9-2#706271#D03#31302677#HZ-478-M706271-B17#Q8+Q9+W1
A11: =raw!A12&"#"&raw!B12&"#"&raw!C12&"#"&raw!D12&"#"&raw!E12&"#"&raw!F12 -> 8DN9-2#706271#D03#31302677#HZ-478-M706271-B18#Q53+Q91+W4
A12: =raw!A13&"#"&raw!B13&"#"&raw!C13&"#"&raw!D13&"#"&raw!E13&"#"&raw!F13 -> 8DN9-2#706271#D04#31302678#HZ-478-M706271-B22#Q0+W80+Q1+T1+Q52+T2
... A28: =raw!A29&"#"&raw!B29&"#"&raw!C29&"#"&raw!D29&"#"&raw!E29&"#"&raw!F29 -> 8DN9-2#706271#D05#31302679#HZ-478-M706271-B29#W94

Sheet stringdump2qr
A1: =raw!A2&"#"&raw!B2&"#"&raw!C2&"#"&raw!D2&"#"&raw!E2&"#"&raw!F2 -> 8DN9-2#706271#D01#31302675#HZ-478-M706271-B06#Q0+W80+Q1+T1+Q52+T2 | B1: ="https://quickchart.io/qr?text="&_xlfn.ENCODEURL(A1) -> https://quickchart.io/qr?text=8DN9-2%23706271%23D01%2331302675%23HZ-478-M706271-B06%23Q0%2BW80%2BQ1%2BT1%2BQ52%2BT2 | C1: =_xlfn.IMAGE(B1) -> #VALUE!
A2: =raw!A3&"#"&raw!B3&"#"&raw!C3&"#"&raw!D3&"#"&raw!E3&"#"&raw!F3 -> 8DN9-2#706271#D01#31302675#HZ-478-M706271-B06#Q2+Q51+W90 | B2: ="https://quickchart.io/qr?text="&_xlfn.ENCODEURL(A2) -> https://quickchart.io/qr?text=8DN9-2%23706271%23D01%2331302675%23HZ-478-M706271-B06%23Q2%2BQ51%2BW90 | C2: =_xlfn.IMAGE(B2) -> #VALUE!
A3: =raw!A4&"#"&raw!B4&"#"&raw!C4&"#"&raw!D4&"#"&raw!E4&"#"&raw!F4 -> 8DN9-2#706271#D01#31302675#HZ-478-M706271-B06#Q8+Q9+W1 | B3: ="https://quickchart.io/qr?text="&_xlfn.ENCODEURL(A3) -> https://quickchart.io/qr?text=8DN9-2%23706271%23D01%2331302675%23HZ-478-M706271-B06%23Q8%2BQ9%2BW1 | C3: =_xlfn.IMAGE(B3) -> #VALUE!
A4: =raw!A5&"#"&raw!B5&"#"&raw!C5&"#"&raw!D5&"#"&raw!E5&"#"&raw!F5 -> 8DN9-2#706271#D01#31302675#HZ-478-M706271-B07#Q53+Q91+W4 | B4: ="https://quickchart.io/qr?text="&_xlfn.ENCODEURL(A4) -> https://quickchart.io/qr?text=8DN9-2%23706271%23D01%2331302675%23HZ-478-M706271-B07%23Q53%2BQ91%2BW4 | C4: =_xlfn.IMAGE(B4) -> #VALUE!
A5: =raw!A6&"#"&raw!B6&"#"&raw!C6&"#"&raw!D6&"#"&raw!E6&"#"&raw!F6 -> 8DN9-2#706271#D02#31302676#HZ-478-M706271-B12#Q0+W80+Q1+T1+Q52+T2 | B5: ="https://quickchart.io/qr?text="&_xlfn.ENCODEURL(A5) -> https://quickchart.io/qr?text=8DN9-2%23706271%23D02%2331302676%23HZ-478-M706271-B12%23Q0%2BW80%2BQ1%2BT1%2BQ52%2BT2 | C5: =_xlfn.IMAGE(B5) -> #VALUE!
A6: =raw!A7&"#"&raw!B7&"#"&raw!C7&"#"&raw!D7&"#"&raw!E7&"#"&raw!F7 -> 8DN9-2#706271#D02#31302676#HZ-478-M706271-B12#Q2+Q51+W90 | B6: ="https://quickchart.io/qr?text="&_xlfn.ENCODEURL(A6) -> https://quickchart.io/qr?text=8DN9-2%23706271%23D02%2331302676%23HZ-478-M706271-B12%23Q2%2BQ51%2BW90 | C6: =_xlfn.IMAGE(B6) -> #VALUE!
A7: =raw!A8&"#"&raw!B8&"#"&raw!C8&"#"&raw!D8&"#"&raw!E8&"#"&raw!F8 -> 8DN9-2#706271#D02#31302676#HZ-478-M706271-B12#Q8+Q9+W1 | B7: ="https://quickchart.io/qr?text="&_xlfn.ENCODEURL(A7) -> https://quickchart.io/qr?text=8DN9-2%23706271%23D02%2331302676%23HZ-478-M706271-B12%23Q8%2BQ9%2BW1 | C7: =_xlfn.IMAGE(B7) -> #VALUE!
A8: =raw!A9&"#"&raw!B9&"#"&raw!C9&"#"&raw!D9&"#"&raw!E9&"#"&raw!F9 -> 8DN9-2#706271#D03#31302677#HZ-478-M706271-B17#Q0+W80+Q1+T1+Q52+T2 | B8: ="https://quickchart.io/qr?text="&_xlfn.ENCODEURL(A8) -> https://quickchart.io/qr?text=8DN9-2%23706271%23D03%2331302677%23HZ-478-M706271-B17%23Q0%2BW80%2BQ1%2BT1%2BQ52%2BT2 | C8: =_xlfn.IMAGE(B8) -> #VALUE!
A9: =raw!A10&"#"&raw!B10&"#"&raw!C10&"#"&raw!D10&"#"&raw!E10&"#"&raw!F10 -> 8DN9-2#706271#D03#31302677#HZ-478-M706271-B17#Q2+Q51+W90 | B9: ="https://quickchart.io/qr?text="&_xlfn.ENCODEURL(A9) -> https://quickchart.io/qr?text=8DN9-2%23706271%23D03%2331302677%23HZ-478-M706271-B17%23Q2%2BQ51%2BW90 | C9: =_xlfn.IMAGE(B9) -> #VALUE!
A10: =raw!A11&"#"&raw!B11&"#"&raw!C11&"#"&raw!D11&"#"&raw!E11&"#"&raw!F11 -> 8DN9-2#706271#D03#31302677#HZ-478-M706271-B17#Q8+Q9+W1 | B10: ="https://quickchart.io/qr?text="&_xlfn.ENCODEURL(A10) -> https://quickchart.io/qr?text=8DN9-2%23706271%23D03%2331302677%23HZ-478-M706271-B17%23Q8%2BQ9%2BW1 | C10: =_xlfn.IMAGE(B10) -> #VALUE!
A11: =raw!A12&"#"&raw!B12&"#"&raw!C12&"#"&raw!D12&"#"&raw!E12&"#"&raw!F12 -> 8DN9-2#706271#D03#31302677#HZ-478-M706271-B18#Q53+Q91+W4 | B11: ="https://quickchart.io/qr?text="&_xlfn.ENCODEURL(A11) -> https://quickchart.io/qr?text=8DN9-2%23706271%23D03%2331302677%23HZ-478-M706271-B18%23Q53%2BQ91%2BW4 | C11: =_xlfn.IMAGE(B11) -> #VALUE!
A12: =raw!A13&"#"&raw!B13&"#"&raw!C13&"#"&raw!D13&"#"&raw!E13&"#"&raw!F13 -> 8DN9-2#706271#D04#31302678#HZ-478-M706271-B22#Q0+W80+Q1+T1+Q52+T2 | B12: ="https://quickchart.io/qr?text="&_xlfn.ENCODEURL(A12) -> https://quickchart.io/qr?text=8DN9-2%23706271%23D04%2331302678%23HZ-478-M706271-B22%23Q0%2BW80%2BQ1%2BT1%2BQ52%2BT2 | C12: =_xlfn.IMAGE(B12) -> #VALUE!
... A28: =raw!A29&"#"&raw!B29&"#"&raw!C29&"#"&raw!D29&"#"&raw!E29&"#"&raw!F29 -> 8DN9-2#706271#D05#31302679#HZ-478-M706271-B29#W94 | B28: ="https://quickchart.io/qr?text="&_xlfn.ENCODEURL(A28) -> https://quickchart.io/qr?text=8DN9-2%23706271%23D05%2331302679%23HZ-478-M706271-B29%23W94 | C28: =_xlfn.IMAGE(B28) -> #VALUE!

Sheet fcr_template
Q2: *）主要检测点：
A3: 终检报告（FCR） | I3: 间隔中应包含的开关设备及其完整性*）：
Q4: 序号 | R4: 主要检测点 | S4: 检测结果 | T4: 备注
A5: 8D | C5: 项目号 | E5: 批号 | J5: Q___ | L5: Q___ | N5: Q___ | P5: Q___ | Q5: a | R5: 测试和安装单据需要填写的信息的完整性和正确性
Q6: b | R6: 模块各种标签的完整性和正确性
A7: 按照HZ图纸 | J7: Q___ | L7: Q___ | N7: Q___ | P7: Q___ | Q7: c | R7: 每一个单独运输模块的外部拼装和生产安装图及气体监视方案图相符
Q8: d | R8: 开关的分合位置符合运输要求
J9: Q___ | L9: Q___ | N9: Q___ | P9: Q___ | Q9: e | R9: 对接拼装面封装完整
Q10: …
